Tag,Min,Max,UNITE,Description,Alarme,Degre alarmes,Confidentiel,DataType,DataScientism,Précision,Fréquence échantillonage
CEAEANAPlatineGazEntree001,0,2000,NL/min,Mesure régulateur de débit R1 - H2 entrée H2,,,,,True,0.001,1
CEAEANAPlatineGazEntree002,0,2000,NL/min,Mesure régulateur de débit R2 - CH4 entrée H2,,,,,True,0.001,1
CEAEANAPlatineGazEntree003,0,5,NL/min,Mesure régulateur de débit R3 - CH4 entrée brûleur,,,,,True,0.001,1
CEAEANAPlatineGazEntree004,0,16,NL/min,Mesure régulateur de débit R4 - N2 entrée H2,,,,,True,0.001,1
CEAEANAPlatineGazEntree005,0,90,NL/min,Mesure régulateur de débit R5 - N2 entrée O2,,,,,True,0.001,1
CEAEANAPlatineGazEntree006,0,2000,NL/min,Mesure régulateur de débit R6 - AC entrée O2,,,,,True,0.001,1
CEAEANAPlatineGazEntree007,0,100,NL/min,Mesure régulateur de débit R7 - AC entrée brûleur,,,,,True,0.001,1
CEAEANAPlatineGazEntree008,0,5,NL/min,Mesure régulateur de débit R8 - Gn entrée H2,,,,,True,0.001,1
CEAEANAPlatineGazEntree009,0,3000,mbar,Mesure pression entrée  H2 manomètre P1,,,,,True,0.001,1
CEAEANAPlatineGazEntree010,0,3000,mbar,Mesure pression entrée O2 manomètre P2,,,,,True,0.001,1
CEAEANAPlatineGazSortie001,0,3000,NL/min,Mesure débitmètre Q1 - Sortie H2 (petit débit),,,,,True,0.001,1
CEAEANAPlatineGazSortie002,0,90,NL/min,Mesure débitmètre Q2 - Sortie N2 (gros débit),,,,,True,0.001,1
CEAEANAPlatineGazSortie003,0,90,NL/min,Mesure débitmètre Q3 - Sortie O2,,,,,True,0.001,1
CEAEANAPlatineGazSortie004,0,3000,mbar,Mesure pression GV manomètre P3,,,,,True,0.001,1
CEAEANAPlatineGazSortie005,0,1000,mbar,Mesure pression sortie H2 manomètre P4,,,,,True,0.001,1
CEAEANAPlatineGazSortie006,0,1000,mbar,Mesure pression sortie O2 manomètre P5,,,,,True,0.001,1
CEAEANAPlatineGazSortie007,0,1200,°C,Mesure température échangeur eau chaude entrée,,,,,True,0.001,1
CEAEANAPlatineGazSortie008,0,1200,°C,Mesure température échangeur eau chaude sortie,,,,,True,0.001,1
CEAEANAPlatineEau001,0,1500,g/h,Mesure régulateur de débit R9 - H2O entrée GV,,,,,True,0.001,1
CEAEANAPlatineEau002,0,1500,g/min,Mesure débit R10 débit H2O entrée condenseur,,,,,True,0.001,1
CEAEANAPlatineEau003,0,1500,g/min,Mesure débit R11 débit H2O entrée échangeur,,,,,True,0.001,1
CEAEANAGv001,0,200,°C,Mesure température GV 1,,,,,True,0.001,1
CEAEANAGv002,0,200,°C,Mesure température GV 2,,,,,True,0.001,1
CEAEANAGv003,0,200,°C,Mesure température GV 3,,,,,True,0.001,1
CEAEANAGv004,0,200,°C,Mesure température GV 4,,,,,True,0.001,1
CEAEANAGv005,0,200,°C,Mesure température GV 5,,,,,True,0.001,1
CEAEANAPrereformeur001,0,200,°C,Mesure température pré-réformeur 1,,,,,True,0.001,1
CEAEANAPrereformeur002,0,200,°C,Mesure température pré-réformeur 2,,,,,True,0.001,1
CEAEANAPrereformeur003,0,200,°C,Mesure température pré-réformeur 3,,,,,True,0.001,1
CEAEANAPrereformeur004,0,200,°C,Mesure température pré-réformeur 4,,,,,True,0.001,1
CEAEANAPrereformeur005,0,200,°C,Mesure température GV pré-réformeur 1,,,,,True,0.001,1
CEAEANAPrereformeur006,0,200,°C,Mesure température GV pré-réformeur 2,,,,,True,0.001,1
CEAEANAEchangeurFF001,0,800,°C,Mesure température échangeur fuel/fuel 1,,,,,True,0.001,1
CEAEANAEchangeurFF002,0,800,°C,Mesure température échangeur fuel/fuel 2,,,,,True,0.001,1
CEAEANAEchangeurFF003,0,800,°C,Mesure température échangeur fuel/fuel 3,,,,,True,0.001,1
CEAEANAEchangeurFF004,0,800,°C,Mesure température échangeur fuel/fuel 4,,,,,True,0.001,1
CEAEANAEchangeurAA001,0,800,°C,Mesure température échangeur air/air 1,,,,,True,0.001,1
CEAEANAEchangeurAA002,0,800,°C,Mesure température échangeur air/air 2,,,,,True,0.001,1
CEAEANAEchangeurAA003,0,800,°C,Mesure température échangeur  air/air 3,,,,,True,0.001,1
CEAEANAEchangeurAA004,0,800,°C,Mesure température échangeur air/air 4,,,,,True,0.001,1
CEAEANAFour001,0,1200,°C,Mesure température coquille gauche four,,,,,True,0.001,1
CEAEANAFour002,0,1200,°C,Mesure température coquille droite four,,,,,True,0.001,1
CEAEANAFour003,0,1200,°C,Mesure température plaque supérieure sécurité,,,,,True,0.001,1
CEAEANAFour004,0,1200,°C,Mesure température plaque supérieure régulation,,,,,True,0.001,1
CEAEANAFour005,0,1200,°C,Mesure température plaque inférieure régulation,,,,,True,0.001,1
CEAEANAFour006,0,1200,°C,Mesure température plaque inférieure sécurité,,,,,True,0.001,1
CEAEANAFour007,0,1200,°C,Mesure température entrée air stack,,,,,True,0.001,1
CEAEANAFour008,0,1200,°C,Mesure température sortie fuel stack,,,,,True,0.001,1
CEAEANAFour009,0,15000,W,Mesure puissance active consommation electrique four,,,,,True,0.001,1
CEAEANAFour010,0,15000,W,Mesure puissance active consommation electrique de tous les chauffants excepté le four,,,,,True,0.001,1
CEAEANACordon001,0,1200,°C,Mesure température ligne tracee GV - Réformeur,,,,,True,0.001,1
CEAEANACordon002,0,1200,°C,Mesure température ligne tracee Réformeur - Echangeur,,,,,True,0.001,1
CEAEANABruleur001,0,1200,°C,Mesure température brûleur 1,,,,,True,0.001,1
CEAEANABruleur002,0,1200,°C,Mesure température brûleur 2,,,,,True,0.001,1
CEAEANABruleur003,0,1200,°C,Mesure température brûleur 3,,,,,True,0.001,1
CEAEANABruleur004,0,1200,°C,Mesure température brûleur 4,,,,,True,0.001,1
CEAEANABruleur005,0,1200,°C,Mesure température brûleur 5,,,,,True,0.001,1
CEAEANAStack001,0,1200,°C,Mesure température plaque terminale stack supérieure,,,,,True,0.001,1
CEAEANAStack002,0,1200,°C,Mesure température plaque terminale stack inférieure,,,,,True,0.001,1
CEAEANAStack003,0,2500,mV,Tension Stack cellule 1,,,,,True,0.001,1
CEAEANAStack004,0,2500,mV,Tension Stack cellule 2,,,,,True,0.001,1
CEAEANAStack005,0,2500,mV,Tension Stack cellule 3,,,,,True,0.001,1
CEAEANAStack006,0,2500,mV,Tension Stack cellule 4,,,,,True,0.001,1
CEAEANAStack007,0,2500,mV,Tension Stack cellule 5,,,,,True,0.001,1
CEAEANAStack008,0,2500,mV,Tension Stack cellule 6,,,,,True,0.001,1
CEAEANAStack009,0,2500,mV,Tension Stack cellule 7,,,,,True,0.001,1
CEAEANAStack010,0,2500,mV,Tension Stack cellule 8,,,,,True,0.001,1
CEAEANAStack011,0,2500,mV,Tension Stack cellule 9,,,,,True,0.001,1
CEAEANAStack012,0,2500,mV,Tension Stack cellule 10,,,,,True,0.001,1
CEAEANAStack013,0,2500,mV,Tension Stack cellule 11,,,,,True,0.001,1
CEAEANAStack014,0,2500,mV,Tension Stack cellule 12,,,,,True,0.001,1
CEAEANAStack015,0,2500,mV,Tension Stack cellule 13,,,,,True,0.001,1
CEAEANAStack016,0,2500,mV,Tension Stack cellule 14,,,,,True,0.001,1
CEAEANAStack017,0,2500,mV,Tension Stack cellule 15,,,,,True,0.001,1
CEAEANAStack018,0,2500,mV,Tension Stack cellule 16,,,,,True,0.001,1
CEAEANAStack019,0,2500,mV,Tension Stack cellule 17,,,,,True,0.001,1
CEAEANAStack020,0,2500,mV,Tension Stack cellule 18,,,,,True,0.001,1
CEAEANAStack021,0,2500,mV,Tension Stack cellule 19,,,,,True,0.001,1
CEAEANAStack022,0,2500,mV,Tension Stack cellule 20,,,,,True,0.001,1
CEAEANAStack023,0,2500,mV,Tension Stack cellule 21,,,,,True,0.001,1
CEAEANAStack024,0,2500,mV,Tension Stack cellule 22,,,,,True,0.001,1
CEAEANAStack025,0,2500,mV,Tension Stack cellule 23,,,,,True,0.001,1
CEAEANAStack026,0,2500,mV,Tension Stack cellule 24,,,,,True,0.001,1
CEAEANAStack027,0,2500,mV,Tension Stack cellule 25,,,,,True,0.001,1
CEAEANASecurite001,0,25,%,Détecteur d'oxygène sur évent four,,,,,True,0.001,1
CEAEANAAlimentation001,0,40,V,Tension du générateur de courant,,,,,True,0.001,1
CEAEANAAlimentation002,0,200,A,Courant du générateur du courant,,,,,True,0.001,1
CEAEANAAlimentation003,0,15000,W,Puissance électrique du générateur de courant,,,,,True,0.001,1
CEAEANACharge001,0,30,V,Tension de la charge,,,,,True,0.001,1
CEAEANACharge002,0,100,A,Courant de la charge,,,,,True,0.001,1
CEAEANAValorisation001,0,1000,Wt,Valorisation de la chaleur bruleur,,,,,True,0.001,1
CEAEANAPisteur001,0,12,Entier,Mode de fonctionnement actuel du PE,,,,,True,0.001,1
CEAEANAPisteur002,0,1,ETAT,Transition de mode de fonctionnement du PE en cours,,,,,True,0.001,1
CEAEANAPisteur003,0,1,ETAT,PE en cours de stabilisation,,,,,True,0.001,1
CEAEANAPisteur004,0,1,ETAT,PE en état stable,,,,,True,0.001,1
MAXEANACompression001,-1,9,bar,Pression en entrée du banc,,,,,True,0.001,1
MAXEANACompression002,0,16,bar,Pression inter-étage H2,,,,,True,0.001,1
MAXEANACompression003,0,1200,°C,Capteur de température en sortie du 1er étage,,,,,True,0.001,1
MAXEANACompression010,0,250,bar,Pression en sortie du banc,,,,,True,0.001,1
MAXEANACompression011,0,1200,°C,Capteur de température en sortie du 2ème étage,,,,,True,0.001,1
MAXETORCompression016,0,1,ETAT,Bouton marche arret groupe de compression H2,,,,,True,0.001,1
SYLETORGrid001,0,1,ETAT,0 = Perte de reseau / 1 = Reseau présent,,,,,True,0.001,1
SYLETORInterupteur001,0,1,ETAT,Position IS arrivée Grid,,,,,True,0.001,1
SYLETORInterupteur002,0,1,ETAT,Position IS arrivée PV,,,,,True,0.001,1
SYLETORDisjoncteur001,0,1,ETAT,Position CB arrivée Grid,,,,,True,0.001,1
SYLETORDisjoncteur002,0,1,ETAT,Position CB arrivée PV,,,,,True,0.001,1
SYLETORDisjoncteur003,0,1,ETAT,Position CB processeur d'énergie,,,,,True,0.001,1
SYLETORDisjoncteur004,0,1,ETAT,Position CB usage,,,,,True,0.001,1
SYLETORDisjoncteur005,0,1,ETAT,Position CB armoire C&C Sylfen,,,,,True,0.001,1
SYLETORDisjoncteur006,0,1,ETAT,Position CB ventillation,,,,,True,0.001,1
SYLETORDisjoncteur007,0,1,ETAT,Position CB auxiliaires,,,,,True,0.001,1
SYLETORDisjoncteur008,0,1,ETAT,Position CB aval Victron,,,,,True,0.001,1
SYLETORContacteur001,0,1,ETAT,Position contacteur arrivée Grid,,,,,True,0.001,1
SYLETORContacteur002,0,1,ETAT,Position contacteur  arrivée PV,,,,,True,0.001,1
SYLETORContacteur003,0,1,ETAT,Position contacteur PE,,,,,True,0.001,1
SYLETORContacteur004,0,1,ETAT,Position contacteur batterie,,,,,True,0.001,1
SYLETORContacteur005,0,1,ETAT,Position contacteur charge,,,,,True,0.001,1
SYLETORSecurite003,0,1,ETAT,Alarme incendie,,,,,True,0.001,1
SYLEANADiris1008,0,50,A,Courant I1 - Grid,,,,,True,0.001,1
SYLEANADiris1009,0,50,A,Courant I2 - Grid,,,,,True,0.001,1
SYLEANADiris1010,0,50,A,Courant I3 - Grid,,,,,True,0.001,1
SYLEANADiris1011,0,27712,W,Puissance active P1 - Grid,,,,,True,0.001,1
SYLEANADiris1012,0,27712,W,Puissance active P2 - Grid,,,,,True,0.001,1
SYLEANADiris1013,0,27712,W,Puissance active P3 - Grid,,,,,True,0.001,1
SYLEANADiris1014,0,20000,VAR,Puissance réactive Q1 -Grid,,,,,True,0.001,1
SYLEANADiris1015,0,20000,VAR,Puissance réactive Q2 -Grid,,,,,True,0.001,1
SYLEANADiris1016,0,20000,VAR,Puissance réactive Q3 -Grid,,,,,True,0.001,1
SYLEANADiris1017,0,34640,VA,Puissance apparente S1 - Grid,,,,,True,0.001,1
SYLEANADiris1018,0,34640,VA,Puissance apparente S2 - Grid,,,,,True,0.001,1
SYLEANADiris1019,0,34640,VA,Puissance apparente S3 - Grid,,,,,True,0.001,1
SYLEANADiris2008,0,50,A,Courant I1 - Auxiliaires,,,,,True,0.001,1
SYLEANADiris2009,0,50,A,Courant I2 - Auxiliaires,,,,,True,0.001,1
SYLEANADiris2010,0,50,A,Courant I3 - Auxiliaires,,,,,True,0.001,1
SYLEANADiris2011,0,27712,W,Puissance active P1 - Auxiliaires,,,,,True,0.001,1
SYLEANADiris2012,0,27712,W,Puissance active P2 - Auxiliaires,,,,,True,0.001,1
SYLEANADiris2013,0,27712,W,Puissance active P3 - Auxiliaires,,,,,True,0.001,1
SYLEANADiris2014,0,20000,VAR,Puissance réactive Q1 -Auxiliaires,,,,,True,0.001,1
SYLEANADiris2015,0,20000,VAR,Puissance réactive Q2 -Auxiliaires,,,,,True,0.001,1
SYLEANADiris2016,0,20000,VAR,Puissance réactive Q3 -Auxiliaires,,,,,True,0.001,1
SYLEANADiris2017,0,34640,VA,Puissance apparente S1 - Auxiliaires,,,,,True,0.001,1
SYLEANADiris2018,0,34640,VA,Puissance apparente S2 - Auxiliaires,,,,,True,0.001,1
SYLEANADiris2019,0,34640,VA,Puissance apparente S3 - Auxiliaires,,,,,True,0.001,1
SYLEANADiris3008,0,32,A,Courant I1 - PV,,,,,True,0.001,1
SYLEANADiris3009,0,32,A,Courant I2 - PV,,,,,True,0.001,1
SYLEANADiris3010,0,32,A,Courant I3 - PV,,,,,True,0.001,1
SYLEANADiris3011,0,17735,W,Puissance active P1 - PV,,,,,True,0.001,1
SYLEANADiris3012,0,17735,W,Puissance active P2 - PV,,,,,True,0.001,1
SYLEANADiris3013,0,17735,W,Puissance active P3 - PV,,,,,True,0.001,1
SYLEANADiris3014,0,12800,VAR,Puissance réactive Q1 -PV,,,,,True,0.001,1
SYLEANADiris3015,0,12800,VAR,Puissance réactive Q2 -PV,,,,,True,0.001,1
SYLEANADiris3016,0,12800,VAR,Puissance réactive Q3 -PV,,,,,True,0.001,1
SYLEANADiris3017,0,22169,VA,Puissance apparente S1 - PV,,,,,True,0.001,1
SYLEANADiris3018,0,22169,VA,Puissance apparente S2 - PV,,,,,True,0.001,1
SYLEANADiris3019,0,22169,VA,Puissance apparente S3 - PV,,,,,True,0.001,1
SYLEANADiris4008,0,25,A,Courant I1 - PE,,,,,True,0.001,1
SYLEANADiris4009,0,25,A,Courant I2 - PE,,,,,True,0.001,1
SYLEANADiris4010,0,25,A,Courant I3 - PE,,,,,True,0.001,1
SYLEANADiris4011,0,13856,W,Puissance active P1 - PE,,,,,True,0.001,1
SYLEANADiris4012,0,13856,W,Puissance active P2 - PE,,,,,True,0.001,1
SYLEANADiris4013,0,13856,W,Puissance active P3 - PE,,,,,True,0.001,1
SYLEANADiris4014,0,10000,VAR,Puissance réactive Q1 -PE,,,,,True,0.001,1
SYLEANADiris4015,0,10000,VAR,Puissance réactive Q2 -PE,,,,,True,0.001,1
SYLEANADiris4016,0,10000,VAR,Puissance réactive Q3 -PE,,,,,True,0.001,1
SYLEANADiris4017,0,17320,VA,Puissance apparente S1 - PE,,,,,True,0.001,1
SYLEANADiris4018,0,17320,VA,Puissance apparente S2 - PE,,,,,True,0.001,1
SYLEANADiris4019,0,17302,VA,Puissance apparente S3 - PE,,,,,True,0.001,1
SYLEANADiris5008,0,50,A,Courant I1 - Amont Victron,,,,,True,0.001,1
SYLEANADiris5009,0,50,A,Courant I2 - Amont Victron,,,,,True,0.001,1
SYLEANADiris5010,0,50,A,Courant I3 - Amont Victron,,,,,True,0.001,1
SYLEANADiris5011,0,27712,W,Puissance active P1 - Amont Victron,,,,,True,0.001,1
SYLEANADiris5012,0,27712,W,Puissance active P2 - Amont Victron,,,,,True,0.001,1
SYLEANADiris5013,0,27712,W,Puissance active P3 - Amont Victron,,,,,True,0.001,1
SYLEANADiris5014,0,20000,VAR,Puissance réactive Q1 -Amont Victron,,,,,True,0.001,1
SYLEANADiris5015,0,20000,VAR,Puissance réactive Q2 -Amont Victron,,,,,True,0.001,1
SYLEANADiris5016,0,20000,VAR,Puissance réactive Q3 -Amont Victron,,,,,True,0.001,1
SYLEANADiris5017,0,34640,VA,Puissance apparente S1 - Amont Victron,,,,,True,0.001,1
SYLEANADiris5018,0,34640,VA,Puissance apparente S2 - Amont Victron,,,,,True,0.001,1
SYLEANADiris5019,0,34640,VA,Puissance apparente S3 - Amont Victron,,,,,True,0.001,1
SYLEANADiris6008,0,25,A,Courant I1 - Aval Victron,,,,,True,0.001,1
SYLEANADiris6009,0,25,A,Courant I2 - Aval Victron,,,,,True,0.001,1
SYLEANADiris6010,0,25,A,Courant I3 - Aval Victron,,,,,True,0.001,1
SYLEANADiris6011,0,13856,W,Puissance active P1 - Aval Victron,,,,,True,0.001,1
SYLEANADiris6012,0,13856,W,Puissance active P2 - Aval Victron,,,,,True,0.001,1
SYLEANADiris6013,0,13856,W,Puissance active P3 - Aval Victron,,,,,True,0.001,1
SYLEANADiris6014,0,10000,VAR,Puissance réactive Q1 -Aval Victron,,,,,True,0.001,1
SYLEANADiris6015,0,10000,VAR,Puissance réactive Q2 -Aval Victron,,,,,True,0.001,1
SYLEANADiris6016,0,10000,VAR,Puissance réactive Q3 -Aval Victron,,,,,True,0.001,1
SYLEANADiris6017,0,17320,VA,Puissance apparente S1 - Aval Victron,,,,,True,0.001,1
SYLEANADiris6018,0,17320,VA,Puissance apparente S2 - Aval Victron,,,,,True,0.001,1
SYLEANADiris6019,0,17302,VA,Puissance apparente S3 - Aval Victron,,,,,True,0.001,1
SYLEANADiris7008,0,25,A,Courant I1 - C&C,,,,,True,0.001,1
SYLEANADiris7009,0,25,A,Courant I2 - C&C,,,,,True,0.001,1
SYLEANADiris7010,0,25,A,Courant I3 - C&C,,,,,True,0.001,1
SYLEANADiris7011,0,13856,W,Puissance active P1 - C&C,,,,,True,0.001,1
SYLEANADiris7012,0,13856,W,Puissance active P2 - C&C,,,,,True,0.001,1
SYLEANADiris7013,0,13856,W,Puissance active P3 - C&C,,,,,True,0.001,1
SYLEANADiris7014,0,10000,VAR,Puissance réactive Q1 -C&C,,,,,True,0.001,1
SYLEANADiris7015,0,10000,VAR,Puissance réactive Q2 -C&C,,,,,True,0.001,1
SYLEANADiris7016,0,10000,VAR,Puissance réactive Q3 -C&C,,,,,True,0.001,1
SYLEANADiris7017,0,17320,VA,Puissance apparente S1 - C&C,,,,,True,0.001,1
SYLEANADiris7018,0,17320,VA,Puissance apparente S2 - C&C,,,,,True,0.001,1
SYLEANADiris7019,0,17302,VA,Puissance apparente S3 - C&C,,,,,True,0.001,1
SYLEANADiris8008,0,20,A,Courant I1 - Charge,,,,,True,0.001,1
SYLEANADiris8009,0,20,A,Courant I2 - Charge,,,,,True,0.001,1
SYLEANADiris8010,0,20,A,Courant I3 - Charge,,,,,True,0.001,1
SYLEANADiris8011,0,11084,W,Puissance active P1 - Charge,,,,,True,0.001,1
SYLEANADiris8012,0,11084,W,Puissance active P2 - Charge,,,,,True,0.001,1
SYLEANADiris8013,0,11084,W,Puissance active P3 - Charge,,,,,True,0.001,1
SYLEANADiris8014,0,8000,VAR,Puissance réactive Q1 -Charge,,,,,True,0.001,1
SYLEANADiris8015,0,8000,VAR,Puissance réactive Q2 -Charge,,,,,True,0.001,1
SYLEANADiris8016,0,8000,VAR,Puissance réactive Q3 -Charge,,,,,True,0.001,1
SYLEANADiris8017,0,13856,VA,Puissance apparente S1 - Charge,,,,,True,0.001,1
SYLEANADiris8018,0,13856,VA,Puissance apparente S2 - Charge,,,,,True,0.001,1
SYLEANADiris8019,0,13856,VA,Puissance apparente S3 - Charge,,,,,True,0.001,1
SYLEANAStockageGaz001,0,250,bar,Pression H2 sécurité bouteille 1,,,,,True,0.001,1
SYLEANAStockageGaz002,0,250,bar,Pression H2 sécurité bouteille 2,,,,,True,0.001,1
SYLEANAStockageGaz003,0,250,bar,Pression N2 sécurité bouteille 1 & 2,,,,,True,0.001,1
SYLEANAStockageGaz004,0,250,bar,Pression N2 sécurité bouteille 3 & 4,,,,,True,0.001,1
SYLEANABatterie001,-8000,8000,W,Consigne de puissance amont donnée au Victron,,,,,True,0.001,1
SYLEANAVictron003,0,27712,W,Puissance Active entrée Victron P1,,,,,True,0.001,1
SYLEANAVictron004,0,34640,VA,Puissance Apparente entrée Victron S1,,,,,True,0.001,1
SYLEANAVictron007,0,27712,W,Puissance Active entrée Victron P2,,,,,True,0.001,1
SYLEANAVictron008,0,34640,VA,Puissance Apparente entrée Victron S2,,,,,True,0.001,1
SYLEANAVictron011,0,27712,W,Puissance Active entrée Victron P3,,,,,True,0.001,1
SYLEANAVictron012,0,34640,VA,Puissance Apparente entrée Victron S3,,,,,True,0.001,1
SYLEANAVictron015,0,5895,W,Puissance Active sortie Victron P1,,,,,True,0.001,1
SYLEANAVictron016,0,7369,VA,Puissance Apparente sortie Victron S1,,,,,True,0.001,1
SYLEANAVictron019,0,5895,W,Puissance Active sortie Victron P2,,,,,True,0.001,1
SYLEANAVictron020,0,7369,VA,Puissance Apparente sortie Victron S2,,,,,True,0.001,1
SYLEANAVictron023,0,5895,W,Puissance Active sortie Victron P3,,,,,True,0.001,1
SYLEANAVictron024,0,7369,VA,Puissance Apparente sortie Victron S3,,,,,True,0.001,1
ENEEANABatterie001,0,100,°C,Capteur de température de la batterie,,,,,True,0.001,1
ENEEANABatterie002,0,25,%,Etat de charge de la batterie,,,,,True,0.001,1
ENEEANABatterie003,0,100,%,Etat de santé de la batterie,,,,,True,0.001,1
ENEEANABatterie006,0,400,A,Courant de la batterie,,,,,True,0.001,1
ENEEANATBatterie300,3000,3600,mV,Tension batterie cellule 1,,,,,True,0.001,1
ENEEANATBatterie301,3000,3600,mV,Tension batterie cellule 2,,,,,True,0.001,1
ENEEANATBatterie302,3000,3600,mV,Tension batterie cellule 3,,,,,True,0.001,1
ENEEANATBatterie303,3000,3600,mV,Tension batterie cellule 4,,,,,True,0.001,1
ENEEANATBatterie304,3000,3600,mV,Tension batterie cellule 5,,,,,True,0.001,1
ENEEANATBatterie305,3000,3600,mV,Tension batterie cellule 6,,,,,True,0.001,1
ENEEANATBatterie306,3000,3600,mV,Tension batterie cellule 7,,,,,True,0.001,1
ENEEANATBatterie307,3000,3600,mV,Tension batterie cellule 8,,,,,True,0.001,1
ENEEANATBatterie308,3000,3600,mV,Tension batterie cellule 9,,,,,True,0.001,1
ENEEANATBatterie309,3000,3600,mV,Tension batterie cellule 10,,,,,True,0.001,1
ENEEANATBatterie310,3000,3600,mV,Tension batterie cellule 11,,,,,True,0.001,1
ENEEANATBatterie311,3000,3600,mV,Tension batterie cellule 12,,,,,True,0.001,1
ENEEANATBatterie312,3000,3600,mV,Tension batterie cellule 13,,,,,True,0.001,1
ENEEANATBatterie313,3000,3600,mV,Tension batterie cellule 14,,,,,True,0.001,1
ENEEANATBatterie314,3000,3600,mV,Tension batterie cellule 15,,,,,True,0.001,1
ENEEANATBatterie315,3000,3600,mV,Tension batterie cellule 16,,,,,True,0.001,1
CEAEANAFour013,0,1000,°C,Température de régulation du four,,,,,True,0.001,1
CEAEANAPlatineGazSortie009,0,100,°C,Température entrée eau glacée condenseur,,,,,True,0.001,1
CEAEANAPlatineGazSortie010,0,100,°C,Température sortie eau glacée condenseur,,,,,True,0.001,1
CEAEANAPlatineGazSortie011,0,100,%,% Recuperation Q1,,,,,True,0.001,1
CEAEANAPlatineGazSortie012,0,100,%,% Recuperation Q2,,,,,True,0.001,1
CEAEANAPlatineGazSortie013,0,100,%,% Recuperation Q3,,,,,True,0.001,1
CEAEANAEchangeurAA005,0,1000,°C,Température entrée échangeur air de balayage,,,,,True,0.001,1
CEAEANAEchangeurAA006,0,1000,°C,Température sortie échangeur air de balayage,,,,,True,0.001,1
ENEEANABatterie008,0,1,ETAT,Pilotage batterie bloqéee,,,,,True,0.001,1
CEAEANAFour014,0,1000,°C,Température de sécurité Four,,,,,True,0.001,1
CEAEANAFour015,0,1000,°C,Température Four,,,,,True,0.001,1
ENEEANABatterie009,0,60,V,Tension batterie,,,,,True,0.001,1
SYLEANALor001,0,6000,W,Puissance active générateur de vapeur,,,,,True,0.001,1
SYLEANALor002,0,11000,W,Puissance active compresseur Air,,,,,True,0.001,1
SYLEANALor003,0,1000,W,Puissance  active pré réformeur,,,,,True,0.001,1
SYLEANALor004,0,1500,W,Puissance active réinjection charge,,,,,True,0.001,1
CEAEANAStackUmax,0,2000,mV,Tension cellule la plus haute,,,,,True,0.001,1
CEAEANAStackUmin,0,2000,mV,Tension cellule la plus basse,,,,,True,0.001,1
CEAEANAStackUmoy,0,2000,mV,Tension cellule moyenne,,,,,True,0.001,1
CEASANAPlatineGazEntree001,0,10,NL/min,Consigne régulateur de débit R1 - H2 entrée H2,,,,,True,0.001,1
CEASANAPlatineGazEntree002,0,5,NL/min,Consigne régulateur de débit R2 - CH4 entrée H2,,,,,True,0.001,1
CEASANAPlatineGazEntree003,0,5,NL/min,Consigne régulateur de débit R3 - CH4 brûleur,,,,,True,0.001,1
CEASANAPlatineGazEntree004,0,16,NL/min,Consigne régulateur de débit R4 - N2 entrée H2,,,,,True,0.001,1
CEASANAPlatineGazEntree005,0,16,NL/min,Consigne régulateur de débit R5 - N2 entrée O2,,,,,True,0.001,1
CEASANAPlatineGazEntree006,0,90,NL/min,Consigne régulateur de débit R6 - AC entrée O2,,,,,True,0.001,1
CEASANAPlatineGazEntree007,0,100,NL/min,Consigne régulateur de débit R7 - AC brûleur,,,,,True,0.001,1
CEASANAPlatineGazEntree008,0,5,NL/min,Consigne régulateur de débit R8 - Gn entrée H2,,,,,True,0.001,1
CEASTORPlatineGazEntree009,0,1,ETAT,Consigne position EV N.F V13 - Events entrée H2,,,,,True,0.001,1
CEASTORPlatineGazEntree010,0,1,ETAT,Consigne position EV N.F V2 - Events entrée O2,,,,,True,0.001,1
CEASTORPlatineGazEntree011,0,1,ETAT,Consigne position EV N.F V3 - AC brûleur,,,,,True,0.001,1
CEASTORPlatineGazEntree012,0,1,ETAT,Consigne position EV N.F V4 - AC entrée O2,,,,,True,0.001,1
CEASTORPlatineGazEntree013,0,1,ETAT,Consigne position EV N.F V5 - N2 entrée O2,,,,,True,0.001,1
CEASTORPlatineGazEntree014,0,1,ETAT,Consigne position EV N.F V6 - N2 entrée H2,,,,,True,0.001,1
CEASTORPlatineGazEntree015,0,1,ETAT,Consigne position EV N.F V7 - CH4 brûleur,,,,,True,0.001,1
CEASTORPlatineGazEntree016,0,1,ETAT,Consigne position EV N.F V8 - CH4 entree H2,,,,,True,0.001,1
CEASTORPlatineGazEntree017,0,1,ETAT,Consigne position EV N.F V9 - H2 entree H2,,,,,True,0.001,1
CEASTORPlatineGazEntree018,0,1,ETAT,Consigne position electrovanne N.F V10 - Gn entrée H2,,,,,True,0.001,1
CEASTORPlatineGazEntree019,0,1,ETAT,Consigne position vanne N.F V14 - Bypass entrée H2,,,,,True,0.001,1
CEASTORPlatineGazEntree020,0,1,ETAT,Consigne position vanne N.F V15 - Bypass Echangeur,,,,,True,0.001,1
CEASTORPlatineGazEntree021,0,1,ETAT,Consigne position vanne N.F V16 - Bypass entrée O2,,,,,True,0.001,1
CEASTORPlatineGazEntree022,0,1,ETAT,Variateur pompe gaz naturel,,,,,True,0.001,1
CEASTORGv001,0,1,ETAT,Consigne chauffe cordon chauffant interne GV,,,,,True,0.001,1
CEASTORGv002,0,1,ETAT,Consigne chauffe cordon chauffant paroi GV,,,,,True,0.001,1
CEASTORGv003,0,1,ETAT,Consigne chauffe cordon chauffant fond GV,,,,,True,0.001,1
CEASTORPreReformeur001,0,1,ETAT,Consigne alimentation chauffage reformeur,,,,,True,0.001,1
CEASTORPreReformeur002,0,1,ETAT,Consigne alimentation chauffage évaporateur,,,,,True,0.001,1
CEASTORPreReformeur003,0,1,ETAT,Consigne position EV 3 voies VC2 - Utilisation pré-réformeur,,,,,True,0.001,1
CEASTORFour001,0,1,ETAT,Chauffant du four partie latérale,,,,,True,0.001,1
CEASTORFour002,0,1,ETAT,Consigne chauffant four partie supérieure,,,,,True,0.001,1
CEASTORFour003,0,1,ETAT,Consigne cordon chauffant plug & play supérieur,,,,,True,0.001,1
CEASTORFour004,0,1,ETAT,Consigne cordon chauffant plug & play inférieur,,,,,True,0.001,1
CEASANAAlimentation001,0,80,V,Consigne de tension alimentation en mode Electrolyse,,,,,True,0.001,1
CEASANAAlimentation002,0,200,A,Consigne de courant alimentation en mode Electrolyse,,,,,True,0.001,1
CEASANAAlimentation003,0,15000,W,Consigne de puissance alimentation en mode Electrolyse,,,,,True,0.001,1
CEASANACharge001,0,80,V,Consigne de tension charge en mode Pile,,,,,True,0.001,1
CEASANACharge002,0,200,A,Consigne de courant charge en mode Pile,,,,,True,0.001,1
CEASANACharge003,0,15000,W,Consigne de puissance charge en mode Pile,,,,,True,0.001,1
CEASTORBruleur001,0,1,ETAT,Consigne allumage des électrodes brûleur,,,,,True,0.001,1
CEASANAPlatineEau001,0,0,g/h,Consigne régulateur de débit R9 - H2O entrée GV,,,,,True,0.001,1
CEASANAPlatineEau002,0,100,%,Consigne régulateur de débit R10 - Condenseur,,,,,True,0.001,1
CEASANAPlatineEau003,0,100,%,Consigne régulateur de débit R11 - Echangeur,,,,,True,0.001,1
CEASANAPlatineSortieGaz001,0,0,mBar_Abs,Consigne régulateur pression (vanne pointeau) pilotée ,,,,,True,0.001,1
CEASTORPlatineSortieGaz002,0,1,ETAT,Consigne position EV 3 voies V17 - Choix debimetre Q1,,,,,True,0.001,1
CEASTORPlatineSortieGaz003,0,1,ETAT,Consigne position EV 3 voies V18 - Choix debimetre Q3,,,,,True,0.001,1
CEASTORPlatineSortieGaz004,0,1,ETAT,Consigne position EV 3 voies V19 - Events ou brûleur entree O2,,,,,True,0.001,1
CEASTORPlatineSortieGaz005,0,1,ETAT,Consigne position EV 3 voies V20 - Choix débimètre Q2,,,,,True,0.001,1
CEASTORPlatineSortieGaz006,0,1,ETAT,Consigne position EV 3 voies V21 - Compresseur ou brûleur/events entree H2,,,,,True,0.001,1
CEASTORPlatineSortieGaz007,0,1,ETAT,Consigne position EV 3 voies V22 - Brûleur ou events entree H2,,,,,True,0.001,1
CEASTORChauffant001,0,1,ETAT,Consigne cordon chauffant ligne tracee GV - reformeur,,,,,True,0.001,1
CEASTORChauffant002,0,1,ETAT,Consigne cordon chauffant ligne tracess reformeur - échangeur fuel/fuel,,,,,True,0.001,1
CEAETORCommande001,0,1,ETAT,Demarrage en cours,,,,,True,0.001,1
CEAETORCommande002,0,1,ETAT,Production d'hydrogène,,,,,True,0.001,1
CEAETORCommande003,0,1,ETAT,Production d'électricité,,,,,True,0.001,1
CEAETORCommande004,0,1,ETAT,Standby avec maintien en température,,,,,True,0.001,1
CEAETORCommande005,0,1,ETAT,Buzzer,,,,,True,0.001,1
MAXSTORCompression001,0,1,ETAT,Vanne 2 voies FV001 (Stockage H2 1er etage),,,,,True,0.001,1
MAXSTORCompression002,0,1,ETAT,Vanne air comprimee booster 1er etage,,,,,True,0.001,1
MAXSTORCompression003,0,1,ETAT,Vanne air comprimee booster 2eme etage,,,,,True,0.001,1
MAXSTORCompression004,0,1,ETAT,Vanne 2 voies FV101 (event 1er etage),,,,,True,0.001,1
MAXSTORCompression005,0,1,ETAT,Vanne 2 voies FV102 (event inter-etage),,,,,True,0.001,1
MAXSTORCompression006,0,1,ETAT,Vanne 2 voies FV002 (Stockage H2 2eme etage),,,,,True,0.001,1
MAXSTORCompression007,0,1,ETAT,Vanne 2 voies FV003 (consomation H2),,,,,True,0.001,1
MAXSTORCompression008,0,1,ETAT,Vanne 2 voies FV103 (event 2eme etage),,,,,True,0.001,1
SYLSTORContacteur001,0,1,ETAT,Pilotage contacteur arrivee EDF,,,,,True,0.001,1
SYLSTORContacteur002,0,1,ETAT,Pilotage contacteur  arrivee PV,,,,,True,0.001,1
SYLSTORContacteur003,0,1,ETAT,Pilotage contacteur  arrivee/depart processeur d'energie,,,,,True,0.001,1
SYLSTORContacteur004,0,1,ETAT,Pilotage contacteur  arrivee/depart batterie,,,,,True,0.001,1
SYLSTORContacteur005,0,1,ETAT,Pilotage contacteur  depart charge,,,,,True,0.001,1
SYLSANABatterie001,-8000,8000,W,Pilotage de la batterie en Mode automatique ,,,,,True,0.001,1
SYLSANARsoc001,0,12,Entier,Pilotage du mode de fonctionnement du systeme RSOC,,,,,True,0.001,1
SYLSANALed001,0,5,V,Pilotage bande led 1,,,,,True,0.001,1
SYLSANALed002,0,5,V,Pilotage bande led 2,,,,,True,0.001,1
SYLSANALed003,0,5,V,Pilotage bande led 3,,,,,True,0.001,1
SYLSANALed004,0,5,V,Pilotage bande led 4,,,,,True,0.001,1
SYLSANALed005,0,5,V,Pilotage bande led 5,,,,,True,0.001,1
SYLSANALed006,0,5,V,Pilotage bande led 6,,,,,True,0.001,1
CEASTORPlatineSortieGaz008,0,1,ETAT,Consigne position electrovanne 3 voies VC1 bypass sortie O2,,,,,True,0.001,1
CEASANAPisteur001,0,12,Entier,Consigne de mode de fonctionnement pour le PE,,,,,True,0.001,1
SYLSTORContacteur006,0,1,ETAT,Pilotage contacteur bascule alimentation C&C,,,,,True,0.001,1
CEASTORPlatineGazEntree023,0,1,ETAT,Electrovanne 3 voies V23 choix de la source d'entrée pour l'Hydrogène,,,,,True,0.001,1
CEASTORPlatineGazEntree024,0,1,ETAT,Electrovanne NO ouverture ligne fuel vers stack V1,,,,,True,0.001,1
CEASTORPlatineGazEntree025,0,1,ETAT,Electrovanne NO de sécurité ligne Azote N2 V11 ,,,,,True,0.001,1
CEASTORPlatineGazEntree026,0,1,ETAT,Electrovanne NO de sécurité ligne Hydrogène V24,,,,,True,0.001,1
CEASTORPlatineGazEntree027,0,1,ETAT,Electrovanne NO de sécurité ligne Air V125,,,,,True,0.001,1
SYLINTHub001,0,1,ETAT,0 = Mode degrade / 1 = Mode normal,,,,,True,0.001,1
SYLINTHub002,0,1,ETAT,Demarage ou arret du hub via la Supervision 0 = OFF 1 = ON,,,,,True,0.001,1
SYLINTBatterie001,0,8000,W,Puissance max. de charge de la batterie ecrit par la supervision,,,,,True,0.001,1
SYLINTBatterie002,-8000,0,W,Puissance max. de decharge de la batterie ecrit par la supervision,,,,,True,0.001,1
SYLINTBatterie003,50,100,%,Seuil max. de charge batterie ecrit par la supervision,,,,,True,0.001,1
SYLINTBatterie004,0,50,%,Seuil max. de decharge batterie ecrit par la supervision,,,,,True,0.001,1
SYLINTBatterie005,0,100,%,Etat de charge de la batterie SOC ecrit par la supervision,,,,,True,0.001,1
SYLINTRsoc002,0,1,ETAT,Systeme rSOC prêt,,,,,True,0.001,1
SYLINTRsoc003,0,13,ETAT,Mode de fonctionnement du systeme RSOC - recopie de la variable Fct-Reel,,,,,True,0.001,1
SYLINTStockageH2001,0,100,%,SOC bouteille hydrogène Maxitech ,,,,,True,0.001,1
SYLINTPuissance001,-8000,30000,W,Puissance active totale Grid,,,,,True,0.001,1
SYLINTPuissance002,0,12000,W,Puissance active totale PV,,,,,True,0.001,1
SYLINTPuissance003,0,15000,W,Puissance active totale usage,,,,,True,0.001,1
SYLINTPuissance004,-25000,5000,W,Puissance active totale PE,,,,,True,0.001,1
SYLINTPuissance005,-8000,30000,W,Puissance active filtrée totale Grid,,,,,True,0.001,1
SYLINTPuissance006,0,12000,W,Puissance active filtrée totale PV,,,,,True,0.001,1
SYLINTPuissance007,0,15000,W,Puissance active filtrée totale usage,,,,,True,0.001,1
SYLINTPuissance008,-25000,5000,W,Puissance active filtrée totale PE,,,,,True,0.001,1
SYLINTHub003,0,1,ETAT,Mode de pilotage du Hub (1=Manuel/0=Automatique),,,,,True,0.001,1
CEAINT001,0,1,ETAT,Choix gaz CH4 vs Gaz Nat,,,,,True,0.001,1
SYLINTStockageN2001,0,100,%,Etat de stockage bouteilles azote de sécurité (%) bouteille 1 et 2 ,,,,,True,0.001,1
SYLINTStockageN2002,0,100,%,Etat de stockage bouteilles azote de sécurité (%) bouteille 3 et 4 ,,,,,True,0.001,1
SYLINTStockageN2003,0,300,h,Autonomie bouteilles azote de sécurité (h) bouteille 1 et 2 ,,,,,True,0.001,1
SYLINTStockageN2004,0,300,h,Autonomie bouteilles azote de sécurité (h) bouteille 3 et 4 ,,,,,True,0.001,1
SYLINTStockageH2002,0,100,%,Etat de stockage bouteilles H2 de sécurité (%) bouteille 1,,,,,True,0.001,1
SYLINTStockageH2003,0,100,%,Etat de stockage bouteilles H2 de sécurité (%) bouteille 2,,,,,True,0.001,1
SYLINTStockageH2004,0,300,h,Autonomie bouteilles H2 de sécurité (h) bouteille 1,,,,,True,0.001,1
SYLINTStockageH2005,0,300,h,Autonomie bouteilles H2 de sécurité (h) bouteille 2,,,,,True,0.001,1
SYLINTCompteur001,0,2400,L,Compteur consommation eau,,,,,True,0.001,1
SYLINTCompteur002,0,800000,L,Compteur consommation Gaz naturel,,,,,True,0.001,1
SYLINTCompteur003,0,1000,W,Valorisation chaleur condenseur,,,,,True,0.001,1
SYLINTRsoc001,0,13,ETAT,Lecture du mode de fonctionnement voulu par SYLFEN envoyé au CEA,,,,,True,0.001,1
SYLINTRsoc005,0,13,ETAT,Lecture du mode de fonctionnement voulu par le CEA passage en mode 13 ,,,,,True,0.001,1
SYLINTRsoc004,0,1,ETAT,Lecture de l'état stabilisation du Hub,,,,,True,0.001,1
SYLINTPuissance010,-25000,5000,W,Puissance active filtrée totale an aval aux VICTRON,,,,,True,0.001,1
SYLINTBurkert001,1000,1100,mBarg,Consigne par defaut du Burkert,,,,,True,0.001,1
SYLINTBurkert002,1000,1100,mBarg,Delta de consigne,,,,,True,0.001,1
SYLINTBurkert003,1000,1100,mBarg,Valeur de consigne pour 0V,,,,,True,0.001,1
SYLINTBurkert004,1000,1100,mBarg,Valeur de consigne pour 10V,,,,,True,0.001,1
CEAAL002,0,0,,Manque d'eau désionisée,,,,,True,0.001,1
CEAAL003,0,0,,Manque d'hydrogène,,,,,True,0.001,1
CEAAL004,0,0,,Perte de l'air comprimé,,,,,True,0.001,1
CEAAL005,0,0,,Problème de chauffage sur le four,,,,,True,0.001,1
CEAAL006,0,0,,Problème de chauffage sur le générateur de vapeur,,,,,True,0.001,1
CEAAL010,0,0,,Alarme tension haute sur une cellule,,,,,True,0.001,1
CEAAL011,0,0,,Alarme température haute empilement,,,,,True,0.001,1
CEAAL013,0,0,,Seuil Température haute générateur de vapeur,,,,,True,0.001,1
CEAAL014,0,0,,Seuil Température haute de la ligne vapeur,,,,,True,0.001,1
CEAAL015,0,0,,Alarme température haute four,,,,,True,0.001,1
CEAAL018,0,0,,Alarme température haute pré-reformeur,,,,,True,0.001,1
CEAAL022,0,0,,Perte de communication avec l'automate Sylfen,,,,,True,0.001,1
CEAAL023,0,0,,Perte de communication avec l'automate Maxitech,,,,,True,0.001,1
CEAAL024,0,0,,Alimentation électrique en panne,,,,,True,0.001,1
CEAAL025,0,0,,Charge électrique en panne,,,,,True,0.001,1
CEAAL026,0,0,,Manque de méthane,,,,,True,0.001,1
CEAAL027,0,0,,Manque de gaz naturel,,,,,True,0.001,1
CEAAL028,0,0,,Manque d'azote,,,,,True,0.001,1
CEAAL029,0,0,,Surconsommation d'hydrogène,,,,,True,0.001,1
CEAAL030,0,0,,Surconsommation d'air comprimé,,,,,True,0.001,1
CEAAL031,0,0,,Surconsommation de méthane,,,,,True,0.001,1
CEAAL032,0,0,,Surconsommation de gaz naturel,,,,,True,0.001,1
CEAAL033,0,0,,Surconsommation d'azote,,,,,True,0.001,1
CEAAL034,0,0,,Problème de chauffe sur les plaques ,,,,,True,0.001,1
CEAAL035,0,0,,Problème chauffe lignes vapeurs T < 101C,,,,,True,0.001,1
CEAAL036,0,0,,Problème chauffe GV T < 101C,,,,,True,0.001,1
CEAAL037,0,0,,Problème chauffe reformeur ,,,,,True,0.001,1
CEAAL038,0,0,,Pression haute entrée fuel stack,,,,,True,0.001,1
CEAAL039,0,0,,Pression haute entrée air stack,,,,,True,0.001,1
CEAAL040,0,0,,Pression haute en sortie du stack  ligne fuel,,,,,True,0.001,1
CEAAL041,0,0,,Pression haute sortie stack ligne air,,,,,True,0.001,1
CEAAL042,0,0,,Alarme delta pression basse entre compartiment,,,,,True,0.001,1
CEAAL043,0,0,,Alarme delta pression haute entre compartiment,,,,,True,0.001,1
CEAAL044,0,0,,Capteur oxygène seuil bas < 17%,,,,,True,0.001,1
CEAAL045,0,0,,Capteur oxygène seuil haut > 25%,,,,,True,0.001,1
CEAAL047,0,0,,Alarme tension basse sur une cellule,,,,,True,0.001,1
CEAAL048,0,0,,Alarme tension très haute sur une cellule,,,,,True,0.001,1
CEAAL049,0,0,,Alarme tension très basse sur une cellule,,,,,True,0.001,1
CEAAL050,0,0,,Problème de transition,,,,,True,0.001,1
CEAAL052,0,0,,Perte du réseau EDF,,,,,True,0.001,1
CEAAL053,0,0,,Perte du système batterie,,,,,True,0.001,1
CEAAL054,0,0,,Problème de température avec le bypass,,,,,True,0.001,1
CEAAL055,0,0,,Température haute bruleur 1 ,,,,,True,0.001,1
CEAAL056,0,0,,Température haute bruleur 2 ,,,,,True,0.001,1
CEAAL057,0,0,,Température haute bruleur 4 ,,,,,True,0.001,1
CEAAL058,0,0,,Température haute bruleur 5 ,,,,,True,0.001,1
CEAAL059,0,0,,Fuite hydrogène entre le conteneur et le système de compression,,,,,True,0.001,1
MAXAL050,0,0,,Pression très haute refoulement 1er étage,,,,,True,0.001,1
MAXAL051,0,0,,Pression très haute refoulement 2eme étage,,,,,True,0.001,1
MAXAL052,0,0,,Température très haute inter-étage,,,,,True,0.001,1
MAXAL053,0,0,,Température très haute refoulement,,,,,True,0.001,1
MAXAL054,0,0,,Pression très haute entrée platine,,,,,True,0.001,1
MAXEV050,0,0,,Pression haute refoulement 1er étage,,,,,True,0.001,1
MAXEV051,0,0,,Pression haute refoulement 2ème étage,,,,,True,0.001,1
MAXEV052,0,0,,Température haute inter-étage,,,,,True,0.001,1
MAXEV053,0,0,,Température haute refoulement,,,,,True,0.001,1
MAXEV054,0,0,,Pression haute entrée platine,,,,,True,0.001,1
SYLAL071,0,0,,Mode dégradé,,,,,True,0.001,1
SYLAL072,0,0,,Batterie faible,,,,,True,0.001,1
SYLAL078,0,0,,Pression bouteilles H2 sécurité basse,,,,,True,0.001,1
SYLAL079,0,0,,Pression bouteilles N2 sécurité basse,,,,,True,0.001,1
SYLAL080,0,0,,Perte de communication avec l'automate CEA,,,,,True,0.001,1
SYLAL081,0,0,,Perte alimentation électrique aval onduleurs,,,,,True,0.001,1
SYLAL083,0,0,,Perte de communication avec les centrales DIRIS,,,,,True,0.001,1
SYLEV070,0,0,,Début processus de démarrage,,,,,True,0.001,1
SYLEV071,0,0,,Fin processus de démarrage,,,,,True,0.001,1
SYLEV072,0,0,,Début processus d'arrêt,,,,,True,0.001,1
SYLEV073,0,0,, Fin processus d'arrêt,,,,,True,0.001,1
SYLEV074,0,0,,Entrée en processus de fonctionnement normal,,,,,True,0.001,1
SYLEV075,0,0,,Sortie du processus de fonctionnement normal,,,,,True,0.001,1
SYLEV076,0,0,,Début de mise en sécurité du Hub,,,,,True,0.001,1
SYLEV077,0,0,,Fin de mise end sécurité du Hub,,,,,True,0.001,1
SYLEV078,0,0,,Circuit PV ouvert  (disjoncteur 13Q2),,,,,True,0.001,1
SYLEV079,0,0,,Circuit Usage ouvert (disjoncteur 18Q1),,,,,True,0.001,1
SYLAL084,0,0,,Autonomie bouteilles azote de sécurité basse < 14h bouteille 1 et 2 ,,,,,True,0.001,1
SYLAL085,0,0,,Autonomie bouteilles azote de sécurité basse < 14h bouteille 2 et 4,,,,,True,0.001,1
SYLAL086,0,0,,Autonomie bouteilles H2 de sécurité <14h bouteille 1,,,,,True,0.001,1
SYLAL087,0,0,,Autonomie bouteilles H2 de sécurité <14h bouteille 2,,,,,True,0.001,1
CEAAL105,0,0,,Inversion delta pression entre compartiment,,,,,True,0.001,1
SYLEV080,0,0,,Passage mode de sécurité  par le CEA,,,,,True,0.001,1
SYLAL090,0,0,,Alarme débit condenseur seuil 1,,,,,True,0.001,1
SYLAL091,0,0,,Alarme débit condenseur seuil 2,,,,,True,0.001,1
SYLAL092,0,0,,Alarme débit échangeur seuil 1,,,,,True,0.001,1
SYLAL093,0,0,,Alarme débit échangeur seuil 2,,,,,True,0.001,1
CEAAL111,0,0,,Pression haute dans les bouteilles B50,,,,,True,0.001,1
CEAAL112,0,0,,Pression basse dans les bouteilles B50,,,,,True,0.001,1
CEAAL113,0,0,,Courant de consigne alimentation hors interval,,,,,True,0.001,1
CEAAL114,0,0,,Courant de consigne charge hors Interval,,,,,True,0.001,1
CEAAL115,0,0,,Envoi de courant simultanément dans l'alimentation et la charge,,,,,True,0.001,1
SYLWA001,0,0,,Valeur à NaN dans le courant de l'alimentation,,,,,True,0.001,1
SYLWA002,0,0,,Valeur à NaN dans le courant de la charge,,,,,True,0.001,1
SYLWA003,0,0,,Pression inter-étage trop haute inhibition de la compression Maxitech,,,,,True,0.001,1
CEAMAINTCoef_0,0,1,%,Coefficient correcteur point 0,,,,,True,0.001,1
CEAMAINTCoef_1,0,1,%,Coefficient correcteur point 1,,,,,True,0.001,1
CEAMAINTCoef_2,0,1,%,Coefficient correcteur point 2,,,,,True,0.001,1
CEAMAINTCoef_3,0,1,%,Coefficient correcteur point 3,,,,,True,0.001,1
CEAMAINTCoef_4,0,1,%,Coefficient correcteur point 4,,,,,True,0.001,1
CEAMAINTCoef_5,0,1,%,Coefficient correcteur point 5,,,,,True,0.001,1
CEAMAINTCoef_6,0,1,%,Coefficient correcteur point 6,,,,,True,0.001,1
CEAMAINTCoef_7,0,1,%,Coefficient correcteur point 7,,,,,True,0.001,1
CEAMAINTCoef_8,0,1,%,Coefficient correcteur point 8,,,,,True,0.001,1
CEAMAINTCoef_9,0,1,%,Coefficient correcteur point 9,,,,,True,0.001,1
CEAMAINTCoef_10,0,1,%,Coefficient correcteur point 10,,,,,True,0.001,1
CEAMAINTCourant_0,0,100,A,Courant point 0,,,,,True,0.001,1
CEAMAINTCourant_1,0,100,A,Courant point 1,,,,,True,0.001,1
CEAMAINTCourant_2,0,100,A,Courant point 2,,,,,True,0.001,1
CEAMAINTCourant_3,0,100,A,Courant point 3,,,,,True,0.001,1
CEAMAINTCourant_4,0,100,A,Courant point 4,,,,,True,0.001,1
CEAMAINTCourant_5,0,100,A,Courant point 5,,,,,True,0.001,1
CEAMAINTCourant_6,0,100,A,Courant point 6,,,,,True,0.001,1
CEAMAINTCourant_7,0,100,A,Courant point 7,,,,,True,0.001,1
CEAMAINTCourant_8,0,100,A,Courant point 8,,,,,True,0.001,1
CEAMAINTCourant_9,0,100,A,Courant point 9,,,,,True,0.001,1
CEAMAINTCourant_10,0,100,A,Courant point 10,,,,,True,0.001,1
CEAMAINTU0,0,24,sans,Association tension cellule stack U0,,,,,True,0.001,1
CEAMAINTU1,0,24,sans,Association tension cellule stack U1,,,,,True,0.001,1
CEAMAINTU2,0,24,sans,Association tension cellule stack U2,,,,,True,0.001,1
CEAMAINTU3,0,24,sans,Association tension cellule stack U3,,,,,True,0.001,1
CEAMAINTU4,0,24,sans,Association tension cellule stack U4,,,,,True,0.001,1
CEAMAINTU5,0,24,sans,Association tension cellule stack U5,,,,,True,0.001,1
CEAMAINTU6,0,24,sans,Association tension cellule stack U6,,,,,True,0.001,1
CEAMAINTU7,0,24,sans,Association tension cellule stack U7,,,,,True,0.001,1
CEAMAINTU8,0,24,sans,Association tension cellule stack U8,,,,,True,0.001,1
CEAMAINTU9,0,24,sans,Association tension cellule stack U9,,,,,True,0.001,1
CEAMAINTU10,0,24,sans,Association tension cellule stack U10,,,,,True,0.001,1
CEAMAINTU11,0,24,sans,Association tension cellule stack U11,,,,,True,0.001,1
CEAMAINTU12,0,24,sans,Association tension cellule stack U12,,,,,True,0.001,1
CEAMAINTU13,0,24,sans,Association tension cellule stack U13,,,,,True,0.001,1
CEAMAINTU14,0,24,sans,Association tension cellule stack U14,,,,,True,0.001,1
CEAMAINTU15,0,24,sans,Association tension cellule stack U15,,,,,True,0.001,1
CEAMAINTU16,0,24,sans,Association tension cellule stack U16,,,,,True,0.001,1
CEAMAINTU17,0,24,sans,Association tension cellule stack U17,,,,,True,0.001,1
CEAMAINTU18,0,24,sans,Association tension cellule stack U18,,,,,True,0.001,1
CEAMAINTU19,0,24,sans,Association tension cellule stack U19,,,,,True,0.001,1
CEAMAINTU20,0,24,sans,Association tension cellule stack U20,,,,,True,0.001,1
CEAMAINTU21,0,24,sans,Association tension cellule stack U21,,,,,True,0.001,1
CEAMAINTU22,0,24,sans,Association tension cellule stack U22,,,,,True,0.001,1
CEAMAINTU23,0,24,sans,Association tension cellule stack U23,,,,,True,0.001,1
CEAMAINTU24,0,24,sans,Association tension cellule stack U24,,,,,True,0.001,1
CEAMAINTU25,0,24,sans,Association tension cellule stack U25,,,,,True,0.001,1
CEAMAINTBASC_DEM_AUTO,0,1,booleen,flag de basculement automatique en stanby,,,,,True,0.001,1
CEAMAINTCHOIX_AUTO_SourceH2,0,1,booleen,Flag pour savoir si l'hydrogène produit va vers Maxitech,,,,,True,0.001,1
CEAMAINTGESTION_AUTO_MDM,0,1,booleen,Gestion automatique des débitmètres,,,,,True,0.001,1
CEAMAINTTfour_F,0,1,booleen,Température de consigne du four (ou plaques),,,,,True,0.001,1
CEAMAINTT_REF1_CF,0,1,booleen,Température du réformer,,,,,True,0.001,1
CEAMAINTCOMM_SYL_ON,0,1,booleen,Flag autorisant les communications entre automates Sylfen et CEA,,,,,True,0.001,1
CEAMAINTBYPASS_AUTO,0,1,booleen,Flag autorisant la gestion du Bypass en mode auto,,,,,True,0.001,1
CEAMAINTFS_AUTO,0,1,booleen,Flag autorisant le redémarrage du PISTEUR en cas de reset du CC CEA en fonctionnement,,,,,True,0.001,1
CEAMAINTALARME_ON,0,1,booleen,Flag autorisant la gestion des alarmes,,,,,True,0.001,1
CEAMAINTMode_Degrad_ON,0,1,booleen,Flag autorisant la réduction automatique des courants,,,,,True,0.001,1
CEAMAINTBUZ_ON,0,1,booleen,Flag autorisant l'alarme sonore,,,,,True,0.001,1
CEAMAINTAsservDeltaP_On,0,1,booleen,Flag autorisant l'asservissement automatique entre chambre,,,,,True,0.001,1
MAXSTORCompressionMaint001,0,1,ETAT,Vanne 2 voies FV101 (event 1er etage),,,,,True,0.001,1
MAXSTORCompressionMaint002,0,1,ETAT,Vanne 2 voies FV102 (event inter-etage),,,,,True,0.001,1
MAXSTORCompressionMaint003,0,1,ETAT,Vanne 2 voies FV103 (event 2eme etage),,,,,True,0.001,1
MAXSTORCompressionMaint004,0,1,ETAT,Mode auto manu du Maxitech,,,,,True,0.001,1
CEAMAINTPurgePartielle,0,1,booleen,Flag indiquant si le système Maxitech est en purge partielle,,,,,True,0.001,1
CEAMAINTPurgeComplete,0,1,booleen,Flag indiquant si le système Maxitech est en purge totale,,,,,True,0.001,1
MAXSTORCompressionMaint005,0,1,ETAT,Vanne 2 voies FV001,,,,,True,0.001,1
MAXSTORCompressionMaint006,0,1,ETAT,Vanne 2 voies FV002 ,,,,,True,0.001,1
MAXSTORCompressionMaint007,0,1,ETAT,Vanne 2 voies FV003,,,,,True,0.001,1
MAXSTORCompressionMaint008,0,1,ETAT,Vanne VP001,,,,,True,0.001,1
CEAMAINTCoef_11,0,1,%,Coefficient correcteur point 11,,,,,True,0.001,1
CEAMAINTCoef_12,0,1,%,Coefficient correcteur point 12,,,,,True,0.001,1
CEAMAINTCoef_13,0,1,%,Coefficient correcteur point 13,,,,,True,0.001,1
CEAMAINTCoef_14,0,1,%,Coefficient correcteur point 14,,,,,True,0.001,1
CEAMAINTCoef_15,0,1,%,Coefficient correcteur point 15,,,,,True,0.001,1
CEAMAINTCourant_11,0,100,A,Courant point 11,,,,,True,0.001,1
CEAMAINTCourant_12,0,100,A,Courant point 12,,,,,True,0.001,1
CEAMAINTCourant_13,0,100,A,Courant point 13,,,,,True,0.001,1
CEAMAINTCourant_14,0,100,A,Courant point 14,,,,,True,0.001,1
CEAMAINTCourant_15,0,100,A,Courant point 15,,,,,True,0.001,1
